Score,ReviewLength,HelpfulnessRatio,ReviewCount,PercentOfTotal
1,478.08236397030686,0.30719032772201477,52268,9.19
2,490.65501024555743,0.2563890630210973,29769,5.24
3,520.3198405253283,0.24224189631083232,42640,7.5
4,496.6032732006695,0.24791528811687832,80655,14.19
5,402.4473730591922,0.2793023016455887,363122,63.88
