Model,Accuracy,Precision (neg),Recall (neg),F1 (neg)
LogisticRegression,0.9426319142664245,0.8827479338842975,0.7291400012189919,0.7986247872091858
MultinomialNB,0.9103391877371318,0.8945939832617055,0.48211129395989516,0.6265594677016911
LinearSVC,0.950039462548615,0.8694269625703875,0.7999024806485037,0.8332169386070726
