Model,Accuracy,Precision (neg),Recall (neg),F1 (neg)
LogisticRegression,0.9401405437273566,0.8746850452052765,0.7193880660693607,0.7894719240159191
MultinomialNB,0.9064785143063625,0.8974358974358975,0.45224599256414943,0.601418439716312
LinearSVC,0.9467017867500928,0.8612225789192082,0.7848479307612605,0.8212634331451896
